{
  "K": 5,
  "lambda": 0.5,
  "mu": [
    0.0010537693461432822,
    0.0009569813529031033,
    0.0013174249086935826,
    0.0016674901081680184,
    0.0034192504207807752,
    0.002218568066927008,
    0.0006439576166506532,
    0.0011572187344384768,
    0.00016255951043559375,
    -0.0005458915821595854,
    0.0007224507660172378,
    0.002485079862891116,
    0.001898226953710249,
    0.0008563776143386607,
    -0.0002972027844484788,
    0.0001396377363961887,
    0.00019331144802498917,
    0.001539970130990232,
    0.0011252463594976702,
    0.00032740297243002563
  ],
  "penalty_A": 10.0,
  "sigma": [
    [
      0.00025694735003922454,
      0.00011362670467016021,
      0.00014974423432069834,
      0.0001404982174330686,
      0.0001859671083789274,
      0.00015787288541410115,
      5.576334503449436e-05,
      7.193642843996638e-05,
      4.238124887114236e-05,
      8.249748825313789e-06,
      7.592043525046167e-05,
      0.00016547036533560611,
      0.00026334476998426747,
      7.132639772860435e-05,
      2.6463612074421485e-05,
      1.762920686991158e-05,
      3.637850552057206e-05,
      0.00011717083430749019,
      9.553729993318312e-05,
      9.272467992417195e-05
    ],
    [
      0.00011362670467016021,
      0.00021211566597749637,
      0.00017771563417719993,
      0.00013680764824753653,
      0.00024782589239590947,
      0.00020092563139395794,
      3.1526376384622386e-05,
      5.350874659883775e-05,
      4.129570521082428e-07,
      7.241561156226255e-06,
      5.588578962344375e-05,
      0.00018686349481673883,
      0.00019939879196533738,
      6.306688294330016e-05,
      1.7036392452919833e-07,
      -1.3425194319574002e-06,
      1.578424634678953e-05,
      0.00012693170471870358,
      0.00015798377636337552,
      7.104275097653744e-05
    ],
    [
      0.00014974423432069834,
      0.00017771563417719993,
      0.0004024842302336683,
      0.0002140292939204058,
      0.0002937307575273534,
      0.00028803381021613516,
      4.847665907483735e-05,
      9.305197466361651e-05,
      1.8695177093100224e-05,
      6.163726728095499e-06,
      7.617897388919204e-05,
      0.00025074189349918297,
      0.00030988877068264376,
      8.411417675592691e-05,
      -9.823293271349736e-06,
      -1.3199907040639588e-05,
      1.4573085349651684e-05,
      0.00016521487519876172,
      0.0001720969824569379,
      0.00012125640244992728
    ],
    [
      0.0001404982174330686,
      0.00013680764824753653,
      0.0002140292939204058,
      0.00035839985326848605,
      0.00024080149258233404,
      0.00021547571541309004,
      3.6791731426037684e-05,
      6.921006831530179e-05,
      8.77071567312323e-06,
      1.046062560899341e-05,
      6.224737350362153e-05,
      0.00021066952123668248,
      0.00027479785186749285,
      5.321811243980886e-05,
      -6.709198882799858e-06,
      -6.238523170043191e-06,
      1.711412409911811e-05,
      0.0001165216823633121,
      0.0001433230032067788,
      7.304367381170578e-05
    ],
    [
      0.0001859671083789274,
      0.00024782589239590947,
      0.0002937307575273534,
      0.00024080149258233404,
      0.0009767269513416721,
      0.0003304083617535439,
      2.9248412178020707e-05,
      0.00012146005441574289,
      -4.5470223658276505e-07,
      -2.2631351006366195e-05,
      8.229569706072014e-05,
      0.0005747507369053897,
      0.0004475361292124773,
      9.992270040998389e-05,
      -5.502730909520275e-05,
      -5.3529007206006484e-05,
      -1.2883677602579366e-05,
      0.00025060746432866316,
      0.0003822642071230966,
      0.0001325628001924577
    ],
    [
      0.00015787288541410115,
      0.00020092563139395794,
      0.00028803381021613516,
      0.00021547571541309004,
      0.0003304083617535439,
      0.0005501979777070379,
      4.922516878766577e-05,
      9.030280438444129e-05,
      1.469363212463923e-05,
      -1.926485661637573e-05,
      8.082043557327176e-05,
      0.00027511123117149913,
      0.0003102719237747787,
      0.00010259125275421368,
      -1.2642635262465368e-05,
      -1.461815478968785e-05,
      2.2547393231556322e-05,
      0.00017610521768573169,
      0.00017388466133554703,
      0.00012351789901762908
    ],
    [
      5.576334503449436e-05,
      3.1526376384622386e-05,
      4.847665907483735e-05,
      3.6791731426037684e-05,
      2.9248412178020707e-05,
      4.922516878766577e-05,
      9.903023932439607e-05,
      8.365294497890398e-05,
      5.39258683599471e-05,
      3.682437012381066e-05,
      6.228259531150414e-05,
      2.628170809066117e-05,
      8.529763992653148e-05,
      3.7244680310346995e-05,
      3.228965152648873e-05,
      3.076411989098752e-05,
      3.831846657816942e-05,
      4.6741339022629914e-05,
      2.808799392051045e-05,
      5.897998481357508e-05
    ],
    [
      7.193642843996638e-05,
      5.350874659883775e-05,
      9.305197466361651e-05,
      6.921006831530179e-05,
      0.00012146005441574289,
      9.030280438444129e-05,
      8.365294497890398e-05,
      0.0002124678651301983,
      7.271252319012625e-05,
      2.720652654759105e-05,
      8.101370596461864e-05,
      0.00011484048074440322,
      0.00018943977564437063,
      4.4347035830156524e-05,
      1.161848043704034e-05,
      1.5498245771949707e-05,
      2.8314741189756746e-05,
      6.555907973372998e-05,
      7.970367529538334e-05,
      0.00010456164678119169
    ],
    [
      4.238124887114236e-05,
      4.129570521082428e-07,
      1.8695177093100224e-05,
      8.77071567312323e-06,
      -4.5470223658276505e-07,
      1.469363212463923e-05,
      5.39258683599471e-05,
      7.271252319012625e-05,
      0.00020534200562954461,
      1.580193330076773e-05,
      4.1666259246879806e-05,
      1.7036346508078755e-05,
      3.5289040161899834e-05,
      1.132969589893971e-05,
      2.0404947593814227e-05,
      1.7100553672397174e-05,
      2.5138141786561562e-05,
      1.7117877563871146e-05,
      2.1060616422716397e-05,
      6.991393677820859e-05
    ],
    [
      8.249748825313789e-06,
      7.241561156226255e-06,
      6.163726728095499e-06,
      1.046062560899341e-05,
      -2.2631351006366195e-05,
      -1.926485661637573e-05,
      3.682437012381066e-05,
      2.720652654759105e-05,
      1.580193330076773e-05,
      0.0004838242911564308,
      4.2476057535974274e-05,
      -2.0124998993635566e-05,
      2.8666825297584107e-05,
      1.8959090356394878e-05,
      3.245206532252508e-05,
      2.0063885903427193e-05,
      4.2499270426959906e-05,
      -1.2413678982273302e-05,
      1.186524094341549e-05,
      1.4165210362037193e-05
    ],
    [
      7.592043525046167e-05,
      5.588578962344375e-05,
      7.617897388919204e-05,
      6.224737350362153e-05,
      8.229569706072014e-05,
      8.082043557327176e-05,
      6.228259531150414e-05,
      8.101370596461864e-05,
      4.1666259246879806e-05,
      4.2476057535974274e-05,
      0.00013698555179832866,
      7.680807551172239e-05,
      0.00013718318885534535,
      5.8679035985654627e-05,
      2.9785950163278918e-05,
      3.013570990277506e-05,
      4.241985655674036e-05,
      7.055986796489325e-05,
      4.441633442203936e-05,
      7.754033112781201e-05
    ],
    [
      0.00016547036533560611,
      0.00018686349481673883,
      0.00025074189349918297,
      0.00021066952123668248,
      0.0005747507369053897,
      0.00027511123117149913,
      2.628170809066117e-05,
      0.00011484048074440322,
      1.7036346508078755e-05,
      -2.0124998993635566e-05,
      7.680807551172239e-05,
      0.0008711090394226965,
      0.00043390685022206215,
      0.00010126219796710681,
      -4.034665629492461e-05,
      -4.3156998832827725e-05,
      -9.725217258461255e-07,
      0.00019541625779818508,
      0.00037673131823734603,
      0.00010584365160235756
    ],
    [
      0.00026334476998426747,
      0.00019939879196533738,
      0.00030988877068264376,
      0.00027479785186749285,
